name,src_nw,dst_nw,proto,src_port,dst_port,action
test1,192.168.1.1,192.168.2.1,6,1111,2111,ALLOW
test2,192.168.1.2,192.168.2.2,6,1112,2112,ALLOW
test3,192.168.1.3,192.168.2.3,6,1113,2113,ALLOW
test4,192.168.1.4,192.168.2.4,6,1114,2114,ALLOW
test5,192.168.1.5,192.168.2.5,6,1115,2115,ALLOW
test6,192.168.1.6,192.168.2.6,6,1116,2116,ALLOW
test7,192.168.1.7,192.168.2.7,6,1117,2117,ALLOW
test8,192.168.1.8,192.168.2.8,6,1118,2118,ALLOW
test9,192.168.1.9,192.168.2.9,6,1119,2119,ALLOW
test10,192.168.1.10,192.168.2.10,6,1120,2120,ALLOW
test11,192.168.1.11,192.168.2.11,6,1121,2121,ALLOW
test12,192.168.1.12,192.168.2.12,6,1122,2122,ALLOW
test13,192.168.1.13,192.168.2.13,6,1123,2123,ALLOW
test14,192.168.1.14,192.168.2.14,6,1124,2124,ALLOW
test15,192.168.1.15,192.168.2.15,6,1125,2125,ALLOW
test16,192.168.1.16,192.168.2.16,6,1126,2126,ALLOW
test17,192.168.1.17,192.168.2.17,6,1127,2127,ALLOW
test18,192.168.1.18,192.168.2.18,6,1128,2128,ALLOW
test19,192.168.1.19,192.168.2.19,6,1129,2129,ALLOW
test20,192.168.1.20,192.168.2.20,6,1130,2130,ALLOW
test21,192.168.1.21,192.168.2.21,6,1131,2131,ALLOW
test22,192.168.1.22,192.168.2.22,6,1132,2132,ALLOW
test23,192.168.1.23,192.168.2.23,6,1133,2133,ALLOW
test24,192.168.1.24,192.168.2.24,6,1134,2134,ALLOW
test25,192.168.1.25,192.168.2.25,6,1135,2135,ALLOW
test26,192.168.1.26,192.168.2.26,6,1136,2136,ALLOW
test27,192.168.1.27,192.168.2.27,6,1137,2137,ALLOW
test28,192.168.1.28,192.168.2.28,6,1138,2138,ALLOW
test29,192.168.1.29,192.168.2.29,6,1139,2139,ALLOW
test30,192.168.1.30,192.168.2.30,6,1140,2140,ALLOW
test31,192.168.1.31,192.168.2.31,6,1141,2141,ALLOW
test32,192.168.1.32,192.168.2.32,6,1142,2142,ALLOW
test33,192.168.1.33,192.168.2.33,6,1143,2143,ALLOW
test34,192.168.1.34,192.168.2.34,6,1144,2144,ALLOW
test35,192.168.1.35,192.168.2.35,6,1145,2145,ALLOW
test36,192.168.1.36,192.168.2.36,6,1146,2146,ALLOW
test37,192.168.1.37,192.168.2.37,6,1147,2147,ALLOW
test38,192.168.1.38,192.168.2.38,6,1148,2148,ALLOW
test39,192.168.1.39,192.168.2.39,6,1149,2149,ALLOW
test40,192.168.1.40,192.168.2.40,6,1150,2150,ALLOW
test41,192.168.1.41,192.168.2.41,6,1151,2151,ALLOW
test42,192.168.1.42,192.168.2.42,6,1152,2152,ALLOW
test43,192.168.1.43,192.168.2.43,6,1153,2153,ALLOW
test44,192.168.1.44,192.168.2.44,6,1154,2154,ALLOW
test45,192.168.1.45,192.168.2.45,6,1155,2155,ALLOW
test46,192.168.1.46,192.168.2.46,6,1156,2156,ALLOW
test47,192.168.1.47,192.168.2.47,6,1157,2157,ALLOW
test48,192.168.1.48,192.168.2.48,6,1158,2158,ALLOW
test49,192.168.1.49,192.168.2.49,6,1159,2159,ALLOW
test50,192.168.1.50,192.168.2.50,6,1160,2160,ALLOW
test51,192.168.1.51,192.168.2.51,6,1161,2161,ALLOW
test52,192.168.1.52,192.168.2.52,6,1162,2162,ALLOW
test53,192.168.1.53,192.168.2.53,6,1163,2163,ALLOW
test54,192.168.1.54,192.168.2.54,6,1164,2164,ALLOW
test55,192.168.1.55,192.168.2.55,6,1165,2165,ALLOW
test56,192.168.1.56,192.168.2.56,6,1166,2166,ALLOW
test57,192.168.1.57,192.168.2.57,6,1167,2167,ALLOW
test58,192.168.1.58,192.168.2.58,6,1168,2168,ALLOW
test59,192.168.1.59,192.168.2.59,6,1169,2169,ALLOW
test60,192.168.1.60,192.168.2.60,6,1170,2170,ALLOW
test61,192.168.1.61,192.168.2.61,6,1171,2171,ALLOW
test62,192.168.1.62,192.168.2.62,6,1172,2172,ALLOW
test63,192.168.1.63,192.168.2.63,6,1173,2173,ALLOW
test64,192.168.1.64,192.168.2.64,6,1174,2174,ALLOW
test65,192.168.1.65,192.168.2.65,6,1175,2175,ALLOW
test66,192.168.1.66,192.168.2.66,6,1176,2176,ALLOW
test67,192.168.1.67,192.168.2.67,6,1177,2177,ALLOW
test68,192.168.1.68,192.168.2.68,6,1178,2178,ALLOW
test69,192.168.1.69,192.168.2.69,6,1179,2179,ALLOW
test70,192.168.1.70,192.168.2.70,6,1180,2180,ALLOW
test71,192.168.1.71,192.168.2.71,6,1181,2181,ALLOW
test72,192.168.1.72,192.168.2.72,6,1182,2182,ALLOW
test73,192.168.1.73,192.168.2.73,6,1183,2183,ALLOW
test74,192.168.1.74,192.168.2.74,6,1184,2184,ALLOW
test75,192.168.1.75,192.168.2.75,6,1185,2185,ALLOW
test76,192.168.1.76,192.168.2.76,6,1186,2186,ALLOW
test77,192.168.1.77,192.168.2.77,6,1187,2187,ALLOW
test78,192.168.1.78,192.168.2.78,6,1188,2188,ALLOW
test79,192.168.1.79,192.168.2.79,6,1189,2189,ALLOW
test80,192.168.1.80,192.168.2.80,6,1190,2190,ALLOW
test81,192.168.1.81,192.168.2.81,6,1191,2191,ALLOW
test82,192.168.1.82,192.168.2.82,6,1192,2192,ALLOW
test83,192.168.1.83,192.168.2.83,6,1193,2193,ALLOW
test84,192.168.1.84,192.168.2.84,6,1194,2194,ALLOW
test85,192.168.1.85,192.168.2.85,6,1195,2195,ALLOW
test86,192.168.1.86,192.168.2.86,6,1196,2196,ALLOW
test87,192.168.1.87,192.168.2.87,6,1197,2197,ALLOW
test88,192.168.1.88,192.168.2.88,6,1198,2198,ALLOW
test89,192.168.1.89,192.168.2.89,6,1199,2199,ALLOW
test90,192.168.1.90,192.168.2.90,6,1200,2200,ALLOW
test91,192.168.1.91,192.168.2.91,6,1201,2201,ALLOW
test92,192.168.1.92,192.168.2.92,6,1202,2202,ALLOW
test93,192.168.1.93,192.168.2.93,6,1203,2203,ALLOW
test94,192.168.1.94,192.168.2.94,6,1204,2204,ALLOW
test95,192.168.1.95,192.168.2.95,6,1205,2205,ALLOW
test96,192.168.1.96,192.168.2.96,6,1206,2206,ALLOW
test97,192.168.1.97,192.168.2.97,6,1207,2207,ALLOW
test98,192.168.1.98,192.168.2.98,6,1208,2208,ALLOW
test99,192.168.1.99,192.168.2.99,6,1209,2209,ALLOW
test100,192.168.1.100,192.168.2.100,6,1210,2210,ALLOW
test101,192.168.1.101,192.168.2.101,6,1211,2211,ALLOW
test102,192.168.1.102,192.168.2.102,6,1212,2212,ALLOW
test103,192.168.1.103,192.168.2.103,6,1213,2213,ALLOW
test104,192.168.1.104,192.168.2.104,6,1214,2214,ALLOW
test105,192.168.1.105,192.168.2.105,6,1215,2215,ALLOW
test106,192.168.1.106,192.168.2.106,6,1216,2216,ALLOW
test107,192.168.1.107,192.168.2.107,6,1217,2217,ALLOW
test108,192.168.1.108,192.168.2.108,6,1218,2218,ALLOW
test109,192.168.1.109,192.168.2.109,6,1219,2219,ALLOW
test110,192.168.1.110,192.168.2.110,6,1220,2220,ALLOW
test111,192.168.1.111,192.168.2.111,6,1221,2221,ALLOW
test112,192.168.1.112,192.168.2.112,6,1222,2222,ALLOW
test113,192.168.1.113,192.168.2.113,6,1223,2223,ALLOW
test114,192.168.1.114,192.168.2.114,6,1224,2224,ALLOW
test115,192.168.1.115,192.168.2.115,6,1225,2225,ALLOW
test116,192.168.1.116,192.168.2.116,6,1226,2226,ALLOW
test117,192.168.1.117,192.168.2.117,6,1227,2227,ALLOW
test118,192.168.1.118,192.168.2.118,6,1228,2228,ALLOW
test119,192.168.1.119,192.168.2.119,6,1229,2229,ALLOW
test120,192.168.1.120,192.168.2.120,6,1230,2230,ALLOW
test121,192.168.1.121,192.168.2.121,6,1231,2231,ALLOW
test122,192.168.1.122,192.168.2.122,6,1232,2232,ALLOW
test123,192.168.1.123,192.168.2.123,6,1233,2233,ALLOW
test124,192.168.1.124,192.168.2.124,6,1234,2234,ALLOW
test125,192.168.1.125,192.168.2.125,6,1235,2235,ALLOW
test126,192.168.1.126,192.168.2.126,6,1236,2236,ALLOW
test127,192.168.1.127,192.168.2.127,6,1237,2237,ALLOW
test128,192.168.1.128,192.168.2.128,6,1238,2238,ALLOW
test129,192.168.1.129,192.168.2.129,6,1239,2239,ALLOW
test130,192.168.1.130,192.168.2.130,6,1240,2240,ALLOW
test131,192.168.1.131,192.168.2.131,6,1241,2241,ALLOW
test132,192.168.1.132,192.168.2.132,6,1242,2242,ALLOW
test133,192.168.1.133,192.168.2.133,6,1243,2243,ALLOW
test134,192.168.1.134,192.168.2.134,6,1244,2244,ALLOW
test135,192.168.1.135,192.168.2.135,6,1245,2245,ALLOW
test136,192.168.1.136,192.168.2.136,6,1246,2246,ALLOW
test137,192.168.1.137,192.168.2.137,6,1247,2247,ALLOW
test138,192.168.1.138,192.168.2.138,6,1248,2248,ALLOW
test139,192.168.1.139,192.168.2.139,6,1249,2249,ALLOW
test140,192.168.1.140,192.168.2.140,6,1250,2250,ALLOW
test141,192.168.1.141,192.168.2.141,6,1251,2251,ALLOW
test142,192.168.1.142,192.168.2.142,6,1252,2252,ALLOW
test143,192.168.1.143,192.168.2.143,6,1253,2253,ALLOW
test144,192.168.1.144,192.168.2.144,6,1254,2254,ALLOW
test145,192.168.1.145,192.168.2.145,6,1255,2255,ALLOW
test146,192.168.1.146,192.168.2.146,6,1256,2256,ALLOW
test147,192.168.1.147,192.168.2.147,6,1257,2257,ALLOW
test148,192.168.1.148,192.168.2.148,6,1258,2258,ALLOW
test149,192.168.1.149,192.168.2.149,6,1259,2259,ALLOW
test150,192.168.1.150,192.168.2.150,6,1260,2260,ALLOW
test151,192.168.1.151,192.168.2.151,6,1261,2261,ALLOW
test152,192.168.1.152,192.168.2.152,6,1262,2262,ALLOW
test153,192.168.1.153,192.168.2.153,6,1263,2263,ALLOW
test154,192.168.1.154,192.168.2.154,6,1264,2264,ALLOW
test155,192.168.1.155,192.168.2.155,6,1265,2265,ALLOW
test156,192.168.1.156,192.168.2.156,6,1266,2266,ALLOW
test157,192.168.1.157,192.168.2.157,6,1267,2267,ALLOW
test158,192.168.1.158,192.168.2.158,6,1268,2268,ALLOW
test159,192.168.1.159,192.168.2.159,6,1269,2269,ALLOW
test160,192.168.1.160,192.168.2.160,6,1270,2270,ALLOW
test161,192.168.1.161,192.168.2.161,6,1271,2271,ALLOW
test162,192.168.1.162,192.168.2.162,6,1272,2272,ALLOW
test163,192.168.1.163,192.168.2.163,6,1273,2273,ALLOW
test164,192.168.1.164,192.168.2.164,6,1274,2274,ALLOW
test165,192.168.1.165,192.168.2.165,6,1275,2275,ALLOW
test166,192.168.1.166,192.168.2.166,6,1276,2276,ALLOW
test167,192.168.1.167,192.168.2.167,6,1277,2277,ALLOW
test168,192.168.1.168,192.168.2.168,6,1278,2278,ALLOW
test169,192.168.1.169,192.168.2.169,6,1279,2279,ALLOW
test170,192.168.1.170,192.168.2.170,6,1280,2280,ALLOW
test171,192.168.1.171,192.168.2.171,6,1281,2281,ALLOW
test172,192.168.1.172,192.168.2.172,6,1282,2282,ALLOW
test173,192.168.1.173,192.168.2.173,6,1283,2283,ALLOW
test174,192.168.1.174,192.168.2.174,6,1284,2284,ALLOW
test175,192.168.1.175,192.168.2.175,6,1285,2285,ALLOW
test176,192.168.1.176,192.168.2.176,6,1286,2286,ALLOW
test177,192.168.1.177,192.168.2.177,6,1287,2287,ALLOW
test178,192.168.1.178,192.168.2.178,6,1288,2288,ALLOW
test179,192.168.1.179,192.168.2.179,6,1289,2289,ALLOW
test180,192.168.1.180,192.168.2.180,6,1290,2290,ALLOW
test181,192.168.1.181,192.168.2.181,6,1291,2291,ALLOW
test182,192.168.1.182,192.168.2.182,6,1292,2292,ALLOW
test183,192.168.1.183,192.168.2.183,6,1293,2293,ALLOW
test184,192.168.1.184,192.168.2.184,6,1294,2294,ALLOW
test185,192.168.1.185,192.168.2.185,6,1295,2295,ALLOW
test186,192.168.1.186,192.168.2.186,6,1296,2296,ALLOW
test187,192.168.1.187,192.168.2.187,6,1297,2297,ALLOW
test188,192.168.1.188,192.168.2.188,6,1298,2298,ALLOW
test189,192.168.1.189,192.168.2.189,6,1299,2299,ALLOW
test190,192.168.1.190,192.168.2.190,6,1300,2300,ALLOW
test191,192.168.1.191,192.168.2.191,6,1301,2301,ALLOW
test192,192.168.1.192,192.168.2.192,6,1302,2302,ALLOW
test193,192.168.1.193,192.168.2.193,6,1303,2303,ALLOW
test194,192.168.1.194,192.168.2.194,6,1304,2304,ALLOW
test195,192.168.1.195,192.168.2.195,6,1305,2305,ALLOW
test196,192.168.1.196,192.168.2.196,6,1306,2306,ALLOW
test197,192.168.1.197,192.168.2.197,6,1307,2307,ALLOW
test198,192.168.1.198,192.168.2.198,6,1308,2308,ALLOW
test199,192.168.1.199,192.168.2.199,6,1309,2309,ALLOW
test200,192.168.1.200,192.168.2.200,6,1310,2310,ALLOW
test201,192.168.1.201,192.168.2.201,6,1311,2311,ALLOW
test202,192.168.1.202,192.168.2.202,6,1312,2312,ALLOW
test203,192.168.1.203,192.168.2.203,6,1313,2313,ALLOW
test204,192.168.1.204,192.168.2.204,6,1314,2314,ALLOW
test205,192.168.1.205,192.168.2.205,6,1315,2315,ALLOW
test206,192.168.1.206,192.168.2.206,6,1316,2316,ALLOW
test207,192.168.1.207,192.168.2.207,6,1317,2317,ALLOW
test208,192.168.1.208,192.168.2.208,6,1318,2318,ALLOW
test209,192.168.1.209,192.168.2.209,6,1319,2319,ALLOW
test210,192.168.1.210,192.168.2.210,6,1320,2320,ALLOW
test211,192.168.1.211,192.168.2.211,6,1321,2321,ALLOW
test212,192.168.1.212,192.168.2.212,6,1322,2322,ALLOW
test213,192.168.1.213,192.168.2.213,6,1323,2323,ALLOW
test214,192.168.1.214,192.168.2.214,6,1324,2324,ALLOW
test215,192.168.1.215,192.168.2.215,6,1325,2325,ALLOW
test216,192.168.1.216,192.168.2.216,6,1326,2326,ALLOW
test217,192.168.1.217,192.168.2.217,6,1327,2327,ALLOW
test218,192.168.1.218,192.168.2.218,6,1328,2328,ALLOW
test219,192.168.1.219,192.168.2.219,6,1329,2329,ALLOW
test220,192.168.1.220,192.168.2.220,6,1330,2330,ALLOW
test221,192.168.1.221,192.168.2.221,6,1331,2331,ALLOW
test222,192.168.1.222,192.168.2.222,6,1332,2332,ALLOW
test223,192.168.1.223,192.168.2.223,6,1333,2333,ALLOW
test224,192.168.1.224,192.168.2.224,6,1334,2334,ALLOW
test225,192.168.1.225,192.168.2.225,6,1335,2335,ALLOW
test226,192.168.1.226,192.168.2.226,6,1336,2336,ALLOW
test227,192.168.1.227,192.168.2.227,6,1337,2337,ALLOW
test228,192.168.1.228,192.168.2.228,6,1338,2338,ALLOW
test229,192.168.1.229,192.168.2.229,6,1339,2339,ALLOW
test230,192.168.1.230,192.168.2.230,6,1340,2340,ALLOW
test231,192.168.1.231,192.168.2.231,6,1341,2341,ALLOW
test232,192.168.1.232,192.168.2.232,6,1342,2342,ALLOW
test233,192.168.1.233,192.168.2.233,6,1343,2343,ALLOW
test234,192.168.1.234,192.168.2.234,6,1344,2344,ALLOW
test235,192.168.1.235,192.168.2.235,6,1345,2345,ALLOW
test236,192.168.1.236,192.168.2.236,6,1346,2346,ALLOW
test237,192.168.1.237,192.168.2.237,6,1347,2347,ALLOW
test238,192.168.1.238,192.168.2.238,6,1348,2348,ALLOW
test239,192.168.1.239,192.168.2.239,6,1349,2349,ALLOW
test240,192.168.1.240,192.168.2.240,6,1350,2350,ALLOW
test241,192.168.1.241,192.168.2.241,6,1351,2351,ALLOW
test242,192.168.1.242,192.168.2.242,6,1352,2352,ALLOW
test243,192.168.1.243,192.168.2.243,6,1353,2353,ALLOW
test244,192.168.1.244,192.168.2.244,6,1354,2354,ALLOW
test245,192.168.1.245,192.168.2.245,6,1355,2355,ALLOW
test246,192.168.1.246,192.168.2.246,6,1356,2356,ALLOW
test247,192.168.1.247,192.168.2.247,6,1357,2357,ALLOW
test248,192.168.1.248,192.168.2.248,6,1358,2358,ALLOW
test249,192.168.1.249,192.168.2.249,6,1359,2359,ALLOW
test250,192.168.1.250,192.168.2.250,6,1360,2360,ALLOW
test251,192.168.1.251,192.168.2.251,6,1361,2361,ALLOW
test252,192.168.1.252,192.168.2.252,6,1362,2362,ALLOW
test253,192.168.1.253,192.168.2.253,6,1363,2363,ALLOW
test254,192.168.1.254,192.168.2.254,6,1364,2364,ALLOW